Series Name,Series Code,Country Name,Country Code,2015 [YR2015],2016 [YR2016],2017 [YR2017],2018 [YR2018],2019 [YR2019]
"Government expenditure on education, total (% of GDP)",SE.XPD.TOTL.GD.ZS,Afghanistan,AFG,3.255800009,4.228360176,4.058869839,..,..
"Government expenditure on education, total (% of GDP)",SE.XPD.TOTL.GD.ZS,Albania,ALB,3.437969923,3.962090015,3.611720085,..,..
"Government expenditure on education, total (% of GDP)",SE.XPD.TOTL.GD.ZS,Algeria,DZA,..,..,..,..,..
"Government expenditure on education, total (% of GDP)",SE.XPD.TOTL.GD.ZS,American Samoa,ASM,..,..,..,..,..
"Government expenditure on education, total (% of GDP)",SE.XPD.TOTL.GD.ZS,Andorra,AND,3.28034997,3.237070084,3.217089891,3.246720076,3.151619911
"Government expenditure on education, total (% of GDP)",SE.XPD.TOTL.GD.ZS,Angola,AGO,..,..,..,..,..
"Government expenditure on education, total (% of GDP)",SE.XPD.TOTL.GD.ZS,Antigua and Barbuda,ATG,..,..,..,..,..
"Government expenditure on education, total (% of GDP)",SE.XPD.TOTL.GD.ZS,Argentina,ARG,5.776110172,5.545489788,5.462230206,..,..
"Government expenditure on education, total (% of GDP)",SE.XPD.TOTL.GD.ZS,Armenia,ARM,2.80591011,2.75812006,2.707590103,..,..
"Government expenditure on education, total (% of GDP)",SE.XPD.TOTL.GD.ZS,Aruba,ABW,5.975709915,5.524149895,..,..,..
"Government expenditure on education, total (% of GDP)",SE.XPD.TOTL.GD.ZS,Australia,AUS,5.311270237,5.276780128,5.124249935,..,..
"Government expenditure on education, total (% of GDP)",SE.XPD.TOTL.GD.ZS,Austria,AUT,5.456580162,5.484350204,5.358039856,..,..
"Government expenditure on education, total (% of GDP)",SE.XPD.TOTL.GD.ZS,Azerbaijan,AZE,2.951679945,2.903409958,2.473819971,2.455430031,..
"Government expenditure on education, total (% of GDP)",SE.XPD.TOTL.GD.ZS,"Bahamas, The",BHS,..,..,..,..,..
"Government expenditure on education, total (% of GDP)",SE.XPD.TOTL.GD.ZS,Bahrain,BHR,2.668080091,..,2.327810049,..,..
"Government expenditure on education, total (% of GDP)",SE.XPD.TOTL.GD.ZS,Bangladesh,BGD,..,1.535539985,..,..,1.326320052
"Government expenditure on education, total (% of GDP)",SE.XPD.TOTL.GD.ZS,Barbados,BRB,..,4.95138979,4.366380215,..,..
"Government expenditure on education, total (% of GDP)",SE.XPD.TOTL.GD.ZS,Belarus,BLR,4.787519932,4.946549892,4.794990063,..,..
"Government expenditure on education, total (% of GDP)",SE.XPD.TOTL.GD.ZS,Belgium,BEL,6.451570034,6.45953989,6.412280083,..,..
"Government expenditure on education, total (% of GDP)",SE.XPD.TOTL.GD.ZS,Belize,BLZ,6.88888979,7.284770012,7.509890079,7.561490059,..
"Government expenditure on education, total (% of GDP)",SE.XPD.TOTL.GD.ZS,Benin,BEN,3.17298007,2.899100065,3.535589933,2.933969975,..
"Government expenditure on education, total (% of GDP)",SE.XPD.TOTL.GD.ZS,Bermuda,BMU,1.698600054,..,1.500390053,..,..
"Government expenditure on education, total (% of GDP)",SE.XPD.TOTL.GD.ZS,Bhutan,BTN,7.590099812,6.993330002,7.225739956,6.850840092,..
"Government expenditure on education, total (% of GDP)",SE.XPD.TOTL.GD.ZS,Bolivia,BOL,..,..,..,..,..
"Government expenditure on education, total (% of GDP)",SE.XPD.TOTL.GD.ZS,Bosnia and Herzegovina,BIH,..,..,..,..,..
"Government expenditure on education, total (% of GDP)",SE.XPD.TOTL.GD.ZS,Botswana,BWA,..,..,..,..,..
"Government expenditure on education, total (% of GDP)",SE.XPD.TOTL.GD.ZS,Brazil,BRA,6.24105978,6.314040184,6.32254982,..,..
"Government expenditure on education, total (% of GDP)",SE.XPD.TOTL.GD.ZS,British Virgin Islands,VGB,5.134789944,..,2.358989954,2.465990067,..
"Government expenditure on education, total (% of GDP)",SE.XPD.TOTL.GD.ZS,Brunei Darussalam,BRN,..,4.425409794,..,..,..
"Government expenditure on education, total (% of GDP)",SE.XPD.TOTL.GD.ZS,Bulgaria,BGR,..,..,4.09250021,..,..
"Government expenditure on education, total (% of GDP)",SE.XPD.TOTL.GD.ZS,Burkina Faso,BFA,3.67008996,..,5.603469849,5.383790016,..
"Government expenditure on education, total (% of GDP)",SE.XPD.TOTL.GD.ZS,Burundi,BDI,6.370540142,4.691999912,4.762020111,5.078649998,..
"Government expenditure on education, total (% of GDP)",SE.XPD.TOTL.GD.ZS,Cabo Verde,CPV,5.266910076,5.288790226,5.181749821,..,..
"Government expenditure on education, total (% of GDP)",SE.XPD.TOTL.GD.ZS,Cambodia,KHM,..,..,..,2.162859917,..
"Government expenditure on education, total (% of GDP)",SE.XPD.TOTL.GD.ZS,Cameroon,CMR,2.768049955,2.654230118,3.154819965,3.131200075,..
"Government expenditure on education, total (% of GDP)",SE.XPD.TOTL.GD.ZS,Canada,CAN,..,..,..,..,..
"Government expenditure on education, total (% of GDP)",SE.XPD.TOTL.GD.ZS,Cayman Islands,CYM,..,..,..,..,..
"Government expenditure on education, total (% of GDP)",SE.XPD.TOTL.GD.ZS,Central African Republic,CAF,..,..,..,..,..
"Government expenditure on education, total (% of GDP)",SE.XPD.TOTL.GD.ZS,Chad,TCD,..,..,2.454819918,..,..
"Government expenditure on education, total (% of GDP)",SE.XPD.TOTL.GD.ZS,Channel Islands,CHI,..,..,..,..,..
"Government expenditure on education, total (% of GDP)",SE.XPD.TOTL.GD.ZS,Chile,CHL,4.875309944,5.342010021,5.41945982,..,..
"Government expenditure on education, total (% of GDP)",SE.XPD.TOTL.GD.ZS,China,CHN,..,..,..,..,..
"Government expenditure on education, total (% of GDP)",SE.XPD.TOTL.GD.ZS,Colombia,COL,4.470389843,4.477210045,4.535510063,4.457489967,..
"Government expenditure on education, total (% of GDP)",SE.XPD.TOTL.GD.ZS,Comoros,COM,2.545059919,..,..,..,..
"Government expenditure on education, total (% of GDP)",SE.XPD.TOTL.GD.ZS,"Congo, Dem. Rep.",COD,2.170439959,2.118690014,1.454949975,..,..
"Government expenditure on education, total (% of GDP)",SE.XPD.TOTL.GD.ZS,"Congo, Rep.",COG,4.561470032,..,5.46505022,3.511049986,..
"Government expenditure on education, total (% of GDP)",SE.XPD.TOTL.GD.ZS,Costa Rica,CRI,7.082540035,7.097680092,7.315720081,6.978569984,7.048759937
"Government expenditure on education, total (% of GDP)",SE.XPD.TOTL.GD.ZS,Cote d'Ivoire,CIV,3.494159937,3.97232008,3.80347991,3.256030083,..
"Government expenditure on education, total (% of GDP)",SE.XPD.TOTL.GD.ZS,Croatia,HRV,..,..,3.917129993,..,..
"Government expenditure on education, total (% of GDP)",SE.XPD.TOTL.GD.ZS,Cuba,CUB,..,..,..,..,..
"Government expenditure on education, total (% of GDP)",SE.XPD.TOTL.GD.ZS,Curacao,CUW,..,..,..,..,..
"Government expenditure on education, total (% of GDP)",SE.XPD.TOTL.GD.ZS,Cyprus,CYP,6.346360207,6.163799763,5.777190208,..,..
"Government expenditure on education, total (% of GDP)",SE.XPD.TOTL.GD.ZS,Czech Republic,CZE,5.788849831,5.587379932,3.854020119,..,..
"Government expenditure on education, total (% of GDP)",SE.XPD.TOTL.GD.ZS,Denmark,DNK,..,..,7.816080093,..,..
"Government expenditure on education, total (% of GDP)",SE.XPD.TOTL.GD.ZS,Djibouti,DJI,3.590240002,3.924390078,3.748559952,3.627739906,..
"Government expenditure on education, total (% of GDP)",SE.XPD.TOTL.GD.ZS,Dominica,DMA,3.408580065,..,..,..,5.573450089
"Government expenditure on education, total (% of GDP)",SE.XPD.TOTL.GD.ZS,Dominican Republic,DOM,..,..,..,..,..
"Government expenditure on education, total (% of GDP)",SE.XPD.TOTL.GD.ZS,Ecuador,ECU,4.998700142,..,..,..,..
"Government expenditure on education, total (% of GDP)",SE.XPD.TOTL.GD.ZS,"Egypt, Arab Rep.",EGY,..,..,..,..,..
"Government expenditure on education, total (% of GDP)",SE.XPD.TOTL.GD.ZS,El Salvador,SLV,3.909879923,3.825239897,3.725229979,3.592420101,..
"Government expenditure on education, total (% of GDP)",SE.XPD.TOTL.GD.ZS,Equatorial Guinea,GNQ,..,..,..,..,..
"Government expenditure on education, total (% of GDP)",SE.XPD.TOTL.GD.ZS,Eritrea,ERI,..,..,..,..,..
"Government expenditure on education, total (% of GDP)",SE.XPD.TOTL.GD.ZS,Estonia,EST,5.106850147,5.170539856,4.973380089,..,..
"Government expenditure on education, total (% of GDP)",SE.XPD.TOTL.GD.ZS,Eswatini,SWZ,..,..,..,..,..
"Government expenditure on education, total (% of GDP)",SE.XPD.TOTL.GD.ZS,Ethiopia,ETH,4.737919807,..,..,..,..
"Government expenditure on education, total (% of GDP)",SE.XPD.TOTL.GD.ZS,Faroe Islands,FRO,..,..,..,..,..
"Government expenditure on education, total (% of GDP)",SE.XPD.TOTL.GD.ZS,Fiji,FJI,..,..,..,..,..
"Government expenditure on education, total (% of GDP)",SE.XPD.TOTL.GD.ZS,Finland,FIN,7.032080173,6.851530075,6.376210213,..,..
"Government expenditure on education, total (% of GDP)",SE.XPD.TOTL.GD.ZS,France,FRA,..,..,5.451600075,..,..
"Government expenditure on education, total (% of GDP)",SE.XPD.TOTL.GD.ZS,French Polynesia,PYF,..,..,..,..,..
"Government expenditure on education, total (% of GDP)",SE.XPD.TOTL.GD.ZS,Gabon,GAB,..,..,..,..,..
"Government expenditure on education, total (% of GDP)",SE.XPD.TOTL.GD.ZS,"Gambia, The",GMB,2.160029888,2.024430037,..,2.420300007,..
"Government expenditure on education, total (% of GDP)",SE.XPD.TOTL.GD.ZS,Georgia,GEO,..,3.593869925,3.574429989,3.52105999,..
"Government expenditure on education, total (% of GDP)",SE.XPD.TOTL.GD.ZS,Germany,DEU,4.834980011,4.840219975,4.905119896,..,..
"Government expenditure on education, total (% of GDP)",SE.XPD.TOTL.GD.ZS,Ghana,GHA,4.510890007,4.486830235,3.617980003,3.989439964,..
"Government expenditure on education, total (% of GDP)",SE.XPD.TOTL.GD.ZS,Gibraltar,GIB,..,..,..,..,..
"Government expenditure on education, total (% of GDP)",SE.XPD.TOTL.GD.ZS,Greece,GRC,..,..,..,..,..
"Government expenditure on education, total (% of GDP)",SE.XPD.TOTL.GD.ZS,Greenland,GRL,..,..,..,..,..
"Government expenditure on education, total (% of GDP)",SE.XPD.TOTL.GD.ZS,Grenada,GRD,..,..,3.173799992,..,..
"Government expenditure on education, total (% of GDP)",SE.XPD.TOTL.GD.ZS,Guam,GUM,..,..,..,..,..
"Government expenditure on education, total (% of GDP)",SE.XPD.TOTL.GD.ZS,Guatemala,GTM,3.030329943,2.944740057,2.951819897,3.140929937,3.212199926
"Government expenditure on education, total (% of GDP)",SE.XPD.TOTL.GD.ZS,Guinea,GIN,2.517139912,2.544559956,2.31765008,2.315939903,..
"Government expenditure on education, total (% of GDP)",SE.XPD.TOTL.GD.ZS,Guinea-Bissau,GNB,..,..,..,..,..
"Government expenditure on education, total (% of GDP)",SE.XPD.TOTL.GD.ZS,Guyana,GUY,5.214829922,6.06099987,6.230070114,5.493579865,..
"Government expenditure on education, total (% of GDP)",SE.XPD.TOTL.GD.ZS,Haiti,HTI,3.1572299,2.449589968,2.689450026,2.780469894,..
"Government expenditure on education, total (% of GDP)",SE.XPD.TOTL.GD.ZS,Honduras,HND,6.412970066,..,..,6.06746006,..
"Government expenditure on education, total (% of GDP)",SE.XPD.TOTL.GD.ZS,"Hong Kong SAR, China",HKG,3.262120008,3.292649984,3.310100079,3.326519966,3.810580015
"Government expenditure on education, total (% of GDP)",SE.XPD.TOTL.GD.ZS,Hungary,HUN,4.518660069,4.655389786,4.667099953,..,..
"Government expenditure on education, total (% of GDP)",SE.XPD.TOTL.GD.ZS,Iceland,ISL,7.512909889,7.495210171,7.658219814,..,..
"Government expenditure on education, total (% of GDP)",SE.XPD.TOTL.GD.ZS,India,IND,..,..,..,..,..
"Government expenditure on education, total (% of GDP)",SE.XPD.TOTL.GD.ZS,Indonesia,IDN,3.583600044,..,..,..,..
"Government expenditure on education, total (% of GDP)",SE.XPD.TOTL.GD.ZS,"Iran, Islamic Rep.",IRN,2.797389984,3.365760088,3.790400028,3.955359936,..
"Government expenditure on education, total (% of GDP)",SE.XPD.TOTL.GD.ZS,Iraq,IRQ,..,..,..,..,..
"Government expenditure on education, total (% of GDP)",SE.XPD.TOTL.GD.ZS,Ireland,IRL,3.758290052,3.7197299,3.506860018,..,..
"Government expenditure on education, total (% of GDP)",SE.XPD.TOTL.GD.ZS,Isle of Man,IMN,..,..,..,..,..
"Government expenditure on education, total (% of GDP)",SE.XPD.TOTL.GD.ZS,Israel,ISR,5.867300034,5.857130051,6.092619896,..,..
"Government expenditure on education, total (% of GDP)",SE.XPD.TOTL.GD.ZS,Italy,ITA,4.073629856,3.815789938,4.044939995,..,..
"Government expenditure on education, total (% of GDP)",SE.XPD.TOTL.GD.ZS,Jamaica,JAM,5.455770016,5.315080166,5.260620117,5.41478014,5.16918993
"Government expenditure on education, total (% of GDP)",SE.XPD.TOTL.GD.ZS,Japan,JPN,..,3.186180115,3.182179928,..,..
"Government expenditure on education, total (% of GDP)",SE.XPD.TOTL.GD.ZS,Jordan,JOR,..,3.514120102,3.284049988,3.034349918,3.072530031
"Government expenditure on education, total (% of GDP)",SE.XPD.TOTL.GD.ZS,Kazakhstan,KAZ,2.788579941,2.978100061,2.750819921,2.615950108,..
"Government expenditure on education, total (% of GDP)",SE.XPD.TOTL.GD.ZS,Kenya,KEN,5.271339893,5.362669945,5.366680145,5.306250095,..
"Government expenditure on education, total (% of GDP)",SE.XPD.TOTL.GD.ZS,Kiribati,KIR,..,..,..,..,..
"Government expenditure on education, total (% of GDP)",SE.XPD.TOTL.GD.ZS,"Korea, Dem. People’s Rep.",PRK,..,..,..,..,..
"Government expenditure on education, total (% of GDP)",SE.XPD.TOTL.GD.ZS,"Korea, Rep.",KOR,..,4.333099842,..,..,..
"Government expenditure on education, total (% of GDP)",SE.XPD.TOTL.GD.ZS,Kosovo,XKX,..,..,..,..,..
"Government expenditure on education, total (% of GDP)",SE.XPD.TOTL.GD.ZS,Kuwait,KWT,..,..,..,..,..
"Government expenditure on education, total (% of GDP)",SE.XPD.TOTL.GD.ZS,Kyrgyz Republic,KGZ,5.985509872,6.586150169,6.026189804,..,..
"Government expenditure on education, total (% of GDP)",SE.XPD.TOTL.GD.ZS,Lao PDR,LAO,..,..,..,..,..
"Government expenditure on education, total (% of GDP)",SE.XPD.TOTL.GD.ZS,Latvia,LVA,5.314129829,4.712989807,4.397119999,..,..
"Government expenditure on education, total (% of GDP)",SE.XPD.TOTL.GD.ZS,Lebanon,LBN,..,..,..,..,..
"Government expenditure on education, total (% of GDP)",SE.XPD.TOTL.GD.ZS,Lesotho,LSO,..,..,7.963319778,6.985189915,..
"Government expenditure on education, total (% of GDP)",SE.XPD.TOTL.GD.ZS,Liberia,LBR,..,..,2.76128006,2.584120035,..
"Government expenditure on education, total (% of GDP)",SE.XPD.TOTL.GD.ZS,Libya,LBY,..,..,..,..,..
"Government expenditure on education, total (% of GDP)",SE.XPD.TOTL.GD.ZS,Liechtenstein,LIE,..,..,..,..,..
"Government expenditure on education, total (% of GDP)",SE.XPD.TOTL.GD.ZS,Lithuania,LTU,4.22988987,4.003940105,3.812829971,..,..
"Government expenditure on education, total (% of GDP)",SE.XPD.TOTL.GD.ZS,Luxembourg,LUX,3.918200016,..,3.569590092,..,..
"Government expenditure on education, total (% of GDP)",SE.XPD.TOTL.GD.ZS,"Macao SAR, China",MAC,2.981699944,3.077909946,2.689889908,2.738699913,..
"Government expenditure on education, total (% of GDP)",SE.XPD.TOTL.GD.ZS,Madagascar,MDG,2.210119963,2.687190056,..,2.825489998,..
"Government expenditure on education, total (% of GDP)",SE.XPD.TOTL.GD.ZS,Malawi,MWI,5.608660221,4.748569965,4.031330109,4.714839935,..
"Government expenditure on education, total (% of GDP)",SE.XPD.TOTL.GD.ZS,Malaysia,MYS,4.894869804,4.75191021,4.677569866,4.481259823,4.163189888
"Government expenditure on education, total (% of GDP)",SE.XPD.TOTL.GD.ZS,Maldives,MDV,4.366549969,4.099709988,..,..,..
"Government expenditure on education, total (% of GDP)",SE.XPD.TOTL.GD.ZS,Mali,MLI,3.801500082,3.096090078,3.787309885,..,..
"Government expenditure on education, total (% of GDP)",SE.XPD.TOTL.GD.ZS,Malta,MLT,5.216350079,5.207540035,4.824379921,..,..
"Government expenditure on education, total (% of GDP)",SE.XPD.TOTL.GD.ZS,Marshall Islands,MHL,..,..,..,..,..
"Government expenditure on education, total (% of GDP)",SE.XPD.TOTL.GD.ZS,Mauritania,MRT,..,1.944059968,..,..,1.89546001
"Government expenditure on education, total (% of GDP)",SE.XPD.TOTL.GD.ZS,Mauritius,MUS,4.886670113,5.013599873,5.02312994,4.834589958,4.719349861
"Government expenditure on education, total (% of GDP)",SE.XPD.TOTL.GD.ZS,Mexico,MEX,5.235239983,4.909490108,4.522819996,..,..
"Government expenditure on education, total (% of GDP)",SE.XPD.TOTL.GD.ZS,"Micronesia, Fed. Sts.",FSM,12.40791988,..,..,..,..
"Government expenditure on education, total (% of GDP)",SE.XPD.TOTL.GD.ZS,Moldova,MDA,..,5.608449936,5.618440151,5.439730167,..
"Government expenditure on education, total (% of GDP)",SE.XPD.TOTL.GD.ZS,Monaco,MCO,..,1.370929956,1.457929969,..,..
"Government expenditure on education, total (% of GDP)",SE.XPD.TOTL.GD.ZS,Mongolia,MNG,4.176990032,5.18061018,4.088590145,..,..
"Government expenditure on education, total (% of GDP)",SE.XPD.TOTL.GD.ZS,Montenegro,MNE,..,..,..,..,..
"Government expenditure on education, total (% of GDP)",SE.XPD.TOTL.GD.ZS,Morocco,MAR,..,..,..,..,..
"Government expenditure on education, total (% of GDP)",SE.XPD.TOTL.GD.ZS,Mozambique,MOZ,..,5.865039825,5.505559921,5.499849796,..
"Government expenditure on education, total (% of GDP)",SE.XPD.TOTL.GD.ZS,Myanmar,MMR,..,..,2.087680101,1.922889948,1.93208003
"Government expenditure on education, total (% of GDP)",SE.XPD.TOTL.GD.ZS,Namibia,NAM,..,..,..,..,..
"Government expenditure on education, total (% of GDP)",SE.XPD.TOTL.GD.ZS,Nauru,NRU,..,..,..,..,..
"Government expenditure on education, total (% of GDP)",SE.XPD.TOTL.GD.ZS,Nepal,NPL,3.703589916,4.440989971,5.518370152,5.102069855,..
"Government expenditure on education, total (% of GDP)",SE.XPD.TOTL.GD.ZS,Netherlands,NLD,5.34815979,5.479599953,5.17509985,..,..
"Government expenditure on education, total (% of GDP)",SE.XPD.TOTL.GD.ZS,New Caledonia,NCL,..,..,..,..,..
"Government expenditure on education, total (% of GDP)",SE.XPD.TOTL.GD.ZS,New Zealand,NZL,6.337389946,6.433350086,6.283669949,..,..
"Government expenditure on education, total (% of GDP)",SE.XPD.TOTL.GD.ZS,Nicaragua,NIC,4.078430176,4.081150055,4.357679844,..,..
"Government expenditure on education, total (% of GDP)",SE.XPD.TOTL.GD.ZS,Niger,NER,4.494679928,2.990449905,2.581650019,3.547209978,..
"Government expenditure on education, total (% of GDP)",SE.XPD.TOTL.GD.ZS,Nigeria,NGA,..,..,..,..,..
"Government expenditure on education, total (% of GDP)",SE.XPD.TOTL.GD.ZS,North Macedonia,MKD,..,..,..,..,..
"Government expenditure on education, total (% of GDP)",SE.XPD.TOTL.GD.ZS,Northern Mariana Islands,MNP,..,..,..,..,..
"Government expenditure on education, total (% of GDP)",SE.XPD.TOTL.GD.ZS,Norway,NOR,7.569330215,8.030550003,7.911980152,..,..
"Government expenditure on education, total (% of GDP)",SE.XPD.TOTL.GD.ZS,Oman,OMN,..,..,..,..,..
"Government expenditure on education, total (% of GDP)",SE.XPD.TOTL.GD.ZS,Pakistan,PAK,2.650019884,3.002919912,2.89951992,..,..
"Government expenditure on education, total (% of GDP)",SE.XPD.TOTL.GD.ZS,Palau,PLW,..,..,..,..,..
"Government expenditure on education, total (% of GDP)",SE.XPD.TOTL.GD.ZS,Panama,PAN,..,..,..,..,..
"Government expenditure on education, total (% of GDP)",SE.XPD.TOTL.GD.ZS,Papua New Guinea,PNG,..,..,1.964930058,1.930889964,..
"Government expenditure on education, total (% of GDP)",SE.XPD.TOTL.GD.ZS,Paraguay,PRY,..,3.438339949,..,..,..
"Government expenditure on education, total (% of GDP)",SE.XPD.TOTL.GD.ZS,Peru,PER,3.969330072,3.813169956,3.931309938,3.723160028,3.847290039
"Government expenditure on education, total (% of GDP)",SE.XPD.TOTL.GD.ZS,Philippines,PHL,..,..,..,..,..
"Government expenditure on education, total (% of GDP)",SE.XPD.TOTL.GD.ZS,Poland,POL,4.812260151,4.639220238,4.559569836,..,..
"Government expenditure on education, total (% of GDP)",SE.XPD.TOTL.GD.ZS,Portugal,PRT,4.885540009,..,5.015610218,..,..
"Government expenditure on education, total (% of GDP)",SE.XPD.TOTL.GD.ZS,Puerto Rico,PRI,..,..,..,..,..
"Government expenditure on education, total (% of GDP)",SE.XPD.TOTL.GD.ZS,Qatar,QAT,..,..,2.86383009,..,2.695349932
"Government expenditure on education, total (% of GDP)",SE.XPD.TOTL.GD.ZS,Romania,ROU,3.106760025,2.974109888,3.095390081,..,..
"Government expenditure on education, total (% of GDP)",SE.XPD.TOTL.GD.ZS,Russian Federation,RUS,3.834029913,3.760440111,4.689909935,..,..
"Government expenditure on education, total (% of GDP)",SE.XPD.TOTL.GD.ZS,Rwanda,RWA,3.632339954,3.419300079,3.110830069,3.073750019,..
"Government expenditure on education, total (% of GDP)",SE.XPD.TOTL.GD.ZS,Samoa,WSM,..,4.162220001,..,..,..
"Government expenditure on education, total (% of GDP)",SE.XPD.TOTL.GD.ZS,San Marino,SMR,..,..,3.370330095,3.592859983,..
"Government expenditure on education, total (% of GDP)",SE.XPD.TOTL.GD.ZS,Sao Tome and Principe,STP,3.864500046,5.173069954,5.084159851,5.149069786,..
"Government expenditure on education, total (% of GDP)",SE.XPD.TOTL.GD.ZS,Saudi Arabia,SAU,..,..,..,..,..
"Government expenditure on education, total (% of GDP)",SE.XPD.TOTL.GD.ZS,Senegal,SEN,5.45637989,5.113090038,4.624969959,4.833280087,..
"Government expenditure on education, total (% of GDP)",SE.XPD.TOTL.GD.ZS,Serbia,SRB,3.789020061,3.640269995,3.715090036,3.585390091,..
"Government expenditure on education, total (% of GDP)",SE.XPD.TOTL.GD.ZS,Seychelles,SYC,..,4.421020031,..,..,..
"Government expenditure on education, total (% of GDP)",SE.XPD.TOTL.GD.ZS,Sierra Leone,SLE,..,3.060230017,4.635769844,6.989630222,7.702280045
"Government expenditure on education, total (% of GDP)",SE.XPD.TOTL.GD.ZS,Singapore,SGP,..,..,..,..,..
"Government expenditure on education, total (% of GDP)",SE.XPD.TOTL.GD.ZS,Sint Maarten (Dutch part),SXM,..,..,..,..,..
"Government expenditure on education, total (% of GDP)",SE.XPD.TOTL.GD.ZS,Slovak Republic,SVK,4.599540234,3.911710024,3.939130068,..,..
"Government expenditure on education, total (% of GDP)",SE.XPD.TOTL.GD.ZS,Slovenia,SVN,4.909530163,4.801780224,4.783239841,..,..
"Government expenditure on education, total (% of GDP)",SE.XPD.TOTL.GD.ZS,Solomon Islands,SLB,..,..,..,..,..
"Government expenditure on education, total (% of GDP)",SE.XPD.TOTL.GD.ZS,Somalia,SOM,..,..,..,..,..
"Government expenditure on education, total (% of GDP)",SE.XPD.TOTL.GD.ZS,South Africa,ZAF,5.956190109,5.942850113,6.113059998,6.158989906,6.505050182
"Government expenditure on education, total (% of GDP)",SE.XPD.TOTL.GD.ZS,South Sudan,SSD,1.465559959,1.543900013,..,..,..
"Government expenditure on education, total (% of GDP)",SE.XPD.TOTL.GD.ZS,Spain,ESP,4.286570072,4.227640152,4.20773983,..,..
"Government expenditure on education, total (% of GDP)",SE.XPD.TOTL.GD.ZS,Sri Lanka,LKA,2.22874999,3.449199915,2.799249887,2.124209881,..
"Government expenditure on education, total (% of GDP)",SE.XPD.TOTL.GD.ZS,St. Kitts and Nevis,KNA,2.643460035,..,..,..,..
"Government expenditure on education, total (% of GDP)",SE.XPD.TOTL.GD.ZS,St. Lucia,LCA,3.867729902,5.208280087,..,3.331799984,..
"Government expenditure on education, total (% of GDP)",SE.XPD.TOTL.GD.ZS,St. Martin (French part),MAF,..,..,..,..,..
"Government expenditure on education, total (% of GDP)",SE.XPD.TOTL.GD.ZS,St. Vincent and the Grenadines,VCT,..,5.733399868,5.73195982,5.693779945,..
"Government expenditure on education, total (% of GDP)",SE.XPD.TOTL.GD.ZS,Sudan,SDN,..,..,..,..,..
"Government expenditure on education, total (% of GDP)",SE.XPD.TOTL.GD.ZS,Suriname,SUR,..,..,..,..,..
"Government expenditure on education, total (% of GDP)",SE.XPD.TOTL.GD.ZS,Sweden,SWE,7.443900108,7.618619919,7.568830013,..,..
"Government expenditure on education, total (% of GDP)",SE.XPD.TOTL.GD.ZS,Switzerland,CHE,5.100570202,5.104730129,5.130189896,..,..
"Government expenditure on education, total (% of GDP)",SE.XPD.TOTL.GD.ZS,Syrian Arab Republic,SYR,..,..,..,..,..
"Government expenditure on education, total (% of GDP)",SE.XPD.TOTL.GD.ZS,Tajikistan,TJK,5.231389999,..,..,..,..
"Government expenditure on education, total (% of GDP)",SE.XPD.TOTL.GD.ZS,Tanzania,TZA,..,..,4.430510044,3.696439981,..
"Government expenditure on education, total (% of GDP)",SE.XPD.TOTL.GD.ZS,Thailand,THA,..,..,..,..,..
"Government expenditure on education, total (% of GDP)",SE.XPD.TOTL.GD.ZS,Timor-Leste,TLS,8.433259964,8.051939964,7.060490131,6.792950153,..
"Government expenditure on education, total (% of GDP)",SE.XPD.TOTL.GD.ZS,Togo,TGO,5.10860014,4.955580235,4.989759922,5.369569778,..
"Government expenditure on education, total (% of GDP)",SE.XPD.TOTL.GD.ZS,Tonga,TON,..,..,..,..,..
"Government expenditure on education, total (% of GDP)",SE.XPD.TOTL.GD.ZS,Trinidad and Tobago,TTO,..,..,..,..,..
"Government expenditure on education, total (% of GDP)",SE.XPD.TOTL.GD.ZS,Tunisia,TUN,6.596010208,..,..,..,..
"Government expenditure on education, total (% of GDP)",SE.XPD.TOTL.GD.ZS,Turkey,TUR,..,..,..,..,..
"Government expenditure on education, total (% of GDP)",SE.XPD.TOTL.GD.ZS,Turkmenistan,TKM,..,..,..,..,..
"Government expenditure on education, total (% of GDP)",SE.XPD.TOTL.GD.ZS,Turks and Caicos Islands,TCA,3.157449961,..,..,2.914350033,..
"Government expenditure on education, total (% of GDP)",SE.XPD.TOTL.GD.ZS,Tuvalu,TUV,..,..,..,..,..
"Government expenditure on education, total (% of GDP)",SE.XPD.TOTL.GD.ZS,Uganda,UGA,2.340490103,2.155359983,2.272049904,2.130520105,..
"Government expenditure on education, total (% of GDP)",SE.XPD.TOTL.GD.ZS,Ukraine,UKR,..,5.00977993,5.412260056,..,..
"Government expenditure on education, total (% of GDP)",SE.XPD.TOTL.GD.ZS,United Arab Emirates,ARE,..,..,..,..,..
"Government expenditure on education, total (% of GDP)",SE.XPD.TOTL.GD.ZS,United Kingdom,GBR,5.556159973,5.426700115,5.442090034,..,..
"Government expenditure on education, total (% of GDP)",SE.XPD.TOTL.GD.ZS,United States,USA,..,..,..,..,..
"Government expenditure on education, total (% of GDP)",SE.XPD.TOTL.GD.ZS,Uruguay,URY,..,4.75909996,4.840300083,5.047589779,..
"Government expenditure on education, total (% of GDP)",SE.XPD.TOTL.GD.ZS,Uzbekistan,UZB,5.786379814,5.667729855,5.281340122,..,..
"Government expenditure on education, total (% of GDP)",SE.XPD.TOTL.GD.ZS,Vanuatu,VUT,5.390810013,..,4.533530235,..,..
"Government expenditure on education, total (% of GDP)",SE.XPD.TOTL.GD.ZS,"Venezuela, RB",VEN,..,..,..,..,..
"Government expenditure on education, total (% of GDP)",SE.XPD.TOTL.GD.ZS,Vietnam,VNM,..,4.344810009,..,4.167449951,..
"Government expenditure on education, total (% of GDP)",SE.XPD.TOTL.GD.ZS,Virgin Islands (U.S.),VIR,..,..,..,..,..
"Government expenditure on education, total (% of GDP)",SE.XPD.TOTL.GD.ZS,West Bank and Gaza,PSE,5.141359806,5.717730045,5.25233984,..,..
"Government expenditure on education, total (% of GDP)",SE.XPD.TOTL.GD.ZS,"Yemen, Rep.",YEM,..,..,..,..,..
"Government expenditure on education, total (% of GDP)",SE.XPD.TOTL.GD.ZS,Zambia,ZMB,4.62432003,3.747920036,3.729650021,4.618090153,..
"Government expenditure on education, total (% of GDP)",SE.XPD.TOTL.GD.ZS,Zimbabwe,ZWE,..,..,5.818779945,5.871349812,..
"Government expenditure on education, total (% of GDP)",SE.XPD.TOTL.GD.ZS,Arab World,ARB,..,..,..,..,..
"Government expenditure on education, total (% of GDP)",SE.XPD.TOTL.GD.ZS,Caribbean small states,CSS,5.455770016,5.315080166,5.260620117,5.41478014,5.16918993
"Government expenditure on education, total (% of GDP)",SE.XPD.TOTL.GD.ZS,Central Europe and the Baltics,CEB,4.812260151,4.655389786,4.09250021,..,..
"Government expenditure on education, total (% of GDP)",SE.XPD.TOTL.GD.ZS,Early-demographic dividend,EAR,..,..,..,..,..
"Government expenditure on education, total (% of GDP)",SE.XPD.TOTL.GD.ZS,East Asia & Pacific,EAS,..,..,..,..,..
"Government expenditure on education, total (% of GDP)",SE.XPD.TOTL.GD.ZS,East Asia & Pacific (excluding high income),EAP,..,..,..,..,..
"Government expenditure on education, total (% of GDP)",SE.XPD.TOTL.GD.ZS,East Asia & Pacific (IDA & IBRD countries),TEA,..,..,..,3.165154934,..
"Government expenditure on education, total (% of GDP)",SE.XPD.TOTL.GD.ZS,Euro area,EMU,4.909530163,4.821000099,4.939249992,..,..
"Government expenditure on education, total (% of GDP)",SE.XPD.TOTL.GD.ZS,Europe & Central Asia,ECS,4.885540009,4.821000099,4.783239841,..,..
"Government expenditure on education, total (% of GDP)",SE.XPD.TOTL.GD.ZS,Europe & Central Asia (excluding high income),ECA,3.811524987,3.861265063,4.09250021,..,..
"Government expenditure on education, total (% of GDP)",SE.XPD.TOTL.GD.ZS,Europe & Central Asia (IDA & IBRD countries),TEC,3.811524987,3.861265063,4.004815102,..,..
"Government expenditure on education, total (% of GDP)",SE.XPD.TOTL.GD.ZS,European Union,EUU,4.897535086,4.801780224,4.725169897,..,..
"Government expenditure on education, total (% of GDP)",SE.XPD.TOTL.GD.ZS,Fragile and conflict affected situations,FCS,..,..,3.787309885,..,..
"Government expenditure on education, total (% of GDP)",SE.XPD.TOTL.GD.ZS,Heavily indebted poor countries (HIPC),HPC,3.735795021,3.096090078,3.787309885,3.547209978,..
"Government expenditure on education, total (% of GDP)",SE.XPD.TOTL.GD.ZS,High income,HIC,5.005050182,5.013599873,4.939249992,..,..
"Government expenditure on education, total (% of GDP)",SE.XPD.TOTL.GD.ZS,IBRD only,IBD,..,4.411010027,4.307660103,..,..
"Government expenditure on education, total (% of GDP)",SE.XPD.TOTL.GD.ZS,IDA & IBRD total,IBT,4.127710104,3.962090015,4.088590145,..,..
"Government expenditure on education, total (% of GDP)",SE.XPD.TOTL.GD.ZS,IDA blend,IDB,4.916404963,5.362669945,5.324010134,4.408650041,..
"Government expenditure on education, total (% of GDP)",SE.XPD.TOTL.GD.ZS,IDA only,IDX,3.752544999,3.257695079,3.80347991,3.696439981,..
"Government expenditure on education, total (% of GDP)",SE.XPD.TOTL.GD.ZS,IDA total,IDA,3.939965129,3.419300079,4.031330109,3.696439981,..
"Government expenditure on education, total (% of GDP)",SE.XPD.TOTL.GD.ZS,Late-demographic dividend,LTE,4.705900192,4.639220238,4.535510063,..,..
"Government expenditure on education, total (% of GDP)",SE.XPD.TOTL.GD.ZS,Latin America & Caribbean,LCN,4.937005043,4.618155003,4.535510063,..,..
"Government expenditure on education, total (% of GDP)",SE.XPD.TOTL.GD.ZS,Latin America & Caribbean (excluding high income),LAC,4.998700142,4.27918005,4.522819996,..,..
"Government expenditure on education, total (% of GDP)",SE.XPD.TOTL.GD.ZS,Latin America & the Caribbean (IDA & IBRD countries),TLA,4.937005043,4.618155003,4.535510063,..,..
"Government expenditure on education, total (% of GDP)",SE.XPD.TOTL.GD.ZS,Least developed countries: UN classification,LDC,3.67008996,3.060230017,3.909319997,3.696439981,..
"Government expenditure on education, total (% of GDP)",SE.XPD.TOTL.GD.ZS,Low & middle income,LMY,4.078430176,3.825239897,4.073729992,..,..
"Government expenditure on education, total (% of GDP)",SE.XPD.TOTL.GD.ZS,Low income,LIC,3.632339954,3.025339961,3.449069977,..,..
"Government expenditure on education, total (% of GDP)",SE.XPD.TOTL.GD.ZS,Lower middle income,LMC,..,4.39289999,4.430510044,3.989439964,..
"Government expenditure on education, total (% of GDP)",SE.XPD.TOTL.GD.ZS,Middle East & North Africa,MEA,..,..,..,..,..
"Government expenditure on education, total (% of GDP)",SE.XPD.TOTL.GD.ZS,Middle East & North Africa (excluding high income),MNA,..,..,..,..,..
"Government expenditure on education, total (% of GDP)",SE.XPD.TOTL.GD.ZS,Middle East & North Africa (IDA & IBRD countries),TMN,..,..,..,..,..
"Government expenditure on education, total (% of GDP)",SE.XPD.TOTL.GD.ZS,Middle income,MIC,..,4.081150055,4.394094944,..,..
"Government expenditure on education, total (% of GDP)",SE.XPD.TOTL.GD.ZS,North America,NAC,..,..,..,..,..
"Government expenditure on education, total (% of GDP)",SE.XPD.TOTL.GD.ZS,Not classified,INX,..,..,..,..,..
"Government expenditure on education, total (% of GDP)",SE.XPD.TOTL.GD.ZS,OECD members,OED,5.106850147,5.007110119,4.994495153,..,..
"Government expenditure on education, total (% of GDP)",SE.XPD.TOTL.GD.ZS,Other small states,OSS,..,..,5.02312994,..,..
"Government expenditure on education, total (% of GDP)",SE.XPD.TOTL.GD.ZS,Pacific island small states,PSS,..,..,..,..,..
"Government expenditure on education, total (% of GDP)",SE.XPD.TOTL.GD.ZS,Post-demographic dividend,PST,5.205920219,5.05725503,5.069930077,..,..
"Government expenditure on education, total (% of GDP)",SE.XPD.TOTL.GD.ZS,Pre-demographic dividend,PRE,3.67008996,3.078160048,4.031330109,3.696439981,..
"Government expenditure on education, total (% of GDP)",SE.XPD.TOTL.GD.ZS,Small states,SST,..,..,5.141875029,..,..
"Government expenditure on education, total (% of GDP)",SE.XPD.TOTL.GD.ZS,South Asia,SAS,2.952909946,3.449199915,3.47919488,..,..
"Government expenditure on education, total (% of GDP)",SE.XPD.TOTL.GD.ZS,South Asia (IDA & IBRD),TSA,2.952909946,3.449199915,3.47919488,..,..
"Government expenditure on education, total (% of GDP)",SE.XPD.TOTL.GD.ZS,Sub-Saharan Africa,SSF,4.148090005,3.257695079,4.031330109,4.303765059,..
"Government expenditure on education, total (% of GDP)",SE.XPD.TOTL.GD.ZS,Sub-Saharan Africa (excluding high income),SSA,3.801500082,3.096090078,3.917405009,3.989439964,..
"Government expenditure on education, total (% of GDP)",SE.XPD.TOTL.GD.ZS,Sub-Saharan Africa (IDA & IBRD countries),TSS,4.148090005,3.257695079,4.031330109,4.303765059,..
"Government expenditure on education, total (% of GDP)",SE.XPD.TOTL.GD.ZS,Upper middle income,UMC,..,3.813169956,4.09250021,..,..
"Government expenditure on education, total (% of GDP)",SE.XPD.TOTL.GD.ZS,World,WLD,4.62432003,4.459100008,4.52916503,..,..
,,,,,,,,
,,,,,,,,
,,,,,,,,
Data from database: World Development Indicators,,,,,,,,
Last Updated: 12/16/2020,,,,,,,,
